ts,event,count,ok
2026-01-18 03:05:57 AM,FULL_SCAN,20,20
2026-01-18 03:06:57 AM,FULL_SCAN,20,20
2026-01-18 03:07:57 AM,FULL_SCAN,20,20
2026-01-18 03:08:56 AM,FULL_SCAN,20,20
2026-01-18 03:09:57 AM,FULL_SCAN,20,20
2026-01-18 03:10:57 AM,FULL_SCAN,20,20
2026-01-18 03:11:57 AM,FULL_SCAN,20,20
2026-01-18 03:12:56 AM,FULL_SCAN,20,20
2026-01-18 03:13:57 AM,FULL_SCAN,20,20
2026-01-18 03:14:56 AM,FULL_SCAN,20,20
2026-01-18 03:15:57 AM,FULL_SCAN,20,20
2026-01-18 03:16:57 AM,FULL_SCAN,20,20
2026-01-18 03:17:57 AM,FULL_SCAN,20,20
2026-01-18 03:18:57 AM,FULL_SCAN,20,20
2026-01-18 03:19:56 AM,FULL_SCAN,20,20
2026-01-18 03:20:57 AM,FULL_SCAN,20,20
2026-01-18 03:21:57 AM,FULL_SCAN,20,20
2026-01-18 03:22:57 AM,FULL_SCAN,20,20
2026-01-18 03:23:57 AM,FULL_SCAN,20,20
2026-01-18 03:24:57 AM,FULL_SCAN,20,20
2026-01-18 03:25:57 AM,FULL_SCAN,20,20
2026-01-18 03:26:56 AM,FULL_SCAN,20,20
2026-01-18 03:27:57 AM,FULL_SCAN,20,20
2026-01-18 03:28:57 AM,FULL_SCAN,20,20
2026-01-18 03:29:57 AM,FULL_SCAN,20,20
2026-01-18 03:30:56 AM,FULL_SCAN,20,20
2026-01-18 03:31:57 AM,FULL_SCAN,20,20
2026-01-18 03:32:56 AM,FULL_SCAN,20,20
2026-01-18 03:33:56 AM,FULL_SCAN,20,20
2026-01-18 03:34:57 AM,FULL_SCAN,20,20
2026-01-18 03:35:57 AM,FULL_SCAN,20,20
2026-01-18 03:36:57 AM,FULL_SCAN,20,20
2026-01-18 03:37:57 AM,FULL_SCAN,20,20
2026-01-18 03:38:57 AM,FULL_SCAN,20,20
2026-01-18 03:39:57 AM,FULL_SCAN,20,20
2026-01-18 03:40:56 AM,FULL_SCAN,20,20
2026-01-18 03:41:57 AM,FULL_SCAN,20,20
2026-01-18 03:42:56 AM,FULL_SCAN,20,20
2026-01-18 04:10:50 AM,FULL_SCAN,20,20
2026-01-18 04:11:49 AM,FULL_SCAN,20,20
2026-01-18 04:12:50 AM,FULL_SCAN,20,20
2026-01-18 04:13:49 AM,FULL_SCAN,20,20
2026-01-18 04:14:50 AM,FULL_SCAN,20,20
2026-01-18 04:15:50 AM,FULL_SCAN,20,20
2026-01-18 04:16:49 AM,FULL_SCAN,20,20
2026-01-18 04:17:50 AM,FULL_SCAN,20,20
2026-01-18 04:18:49 AM,FULL_SCAN,20,20
2026-01-18 04:19:49 AM,FULL_SCAN,20,20
2026-01-18 04:20:50 AM,FULL_SCAN,20,20
2026-01-18 04:21:30 AM,FULL_SCAN,20,20
2026-01-18 04:21:41 AM,FULL_SCAN,20,20
2026-01-18 04:21:51 AM,FULL_SCAN,20,20
2026-01-18 04:22:01 AM,FULL_SCAN,20,20
2026-01-18 04:22:11 AM,FULL_SCAN,20,20
2026-01-18 04:22:21 AM,FULL_SCAN,20,20
2026-01-18 04:22:31 AM,FULL_SCAN,20,20
2026-01-18 04:22:51 AM,FULL_SCAN,20,20
2026-01-18 04:23:01 AM,FULL_SCAN,20,20
2026-01-18 04:23:12 AM,FULL_SCAN,20,20
2026-01-18 04:23:22 AM,FULL_SCAN,20,20
2026-01-18 04:23:31 AM,FULL_SCAN,20,20
2026-01-18 04:24:31 AM,FULL_SCAN,20,20
2026-01-18 04:25:30 AM,FULL_SCAN,20,20
2026-01-18 04:26:31 AM,FULL_SCAN,20,20
2026-01-18 04:27:30 AM,FULL_SCAN,20,20
2026-01-18 04:28:30 AM,FULL_SCAN,20,20
2026-01-18 04:29:31 AM,FULL_SCAN,20,20
2026-01-18 04:30:30 AM,FULL_SCAN,20,20
2026-01-18 04:31:31 AM,FULL_SCAN,20,20
2026-01-18 04:32:31 AM,FULL_SCAN,20,20
2026-01-18 04:33:31 AM,FULL_SCAN,20,20
